{"train_loss":0.055193156823515895,"val_loss":0.05833174332976341,"_timestamp":1.7323609504172962e+09,"_runtime":2935.8641732,"_step":9,"epoch":10,"_wandb":{"runtime":2935}}