{"_timestamp":1.732356411953444e+09,"_runtime":3005.16612,"_step":9,"_wandb":{"runtime":3005},"epoch":10,"train_loss":0.07618840306997299,"val_loss":0.07658849537372589}