{"_runtime":8947.6636198,"_step":29,"_wandb":{"runtime":8947},"epoch":30,"train_loss":0.1942046345770359,"val_loss":0.20711666345596313,"_timestamp":1.7323719586202016e+09}